{"mean": [1.0067561463464996, 7993.908164504688, 13233.78556332896, 180.96766749259098, 95.71300344944858, 64549016.914059296, 630546.9589998035, 18.666472331535733, 17.54593596657436, 1.3692731866103094], "scale": [4.710415804358316, 171641.21949809065, 151470.5362064172, 101.51274101120052, 116.66701311494705, 179860740.33066112, 2392986.022974114, 133.9155401763431, 115.57338374784091, 1.0671816100273792]}